"Variable","Importance"
"reviews_per_month",5418602942.03281
"sentiment_count",2485466926.6099
"number_of_reviews",2446153743.83307
"maximum_nights",2313585307.08692
"review_scores_communication",1779753719.34561
"anger_score",1754691273.17537
"review_scores_rating",1475932979.75932
"availability_365",1103232835.81371
"sadness_score",1089589439.20332
"joy_score",1056018801.56245
"beds",995078571.531161
"review_scores_checkin",979495823.159542
"review_scores_accuracy",938131593.805297
"review_scores_value",905108348.0527
"availability_60",863921811.701278
"review_scores_cleanliness",768851529.577876
"number_of_reviews_ltm",733128062.210903
"review_scores_location",682830131.349226
"bedrooms",650784736.576667
"negative_score",648551771.858483
"fear_score",631698897.938227
"accommodates",608482318.923222
"availability_90",595890272.384792
"host_response_rate",595542746.237195
"surprise_score",571066244.239984
"host_total_listings_count",537450903.527676
"maximum_maximum_nights",509343795.044688
"disgust_score",485654836.97938
"minimum_maximum_nights",434910693.795691
"trust_score",397514547.941722
"host_acceptance_rate",334318568.937181
"maximum_nights_avg_ntm",320939289.647968
"availability_30",290638299.12938
"neighbourhood_cleaned",267453866.619793
"anticipation_score",209201602.804322
"bathrooms_text",200790156.748712
"positive_score",159644798.731611
"number_of_reviews_l30d",155042114.412962
"host_response_time",151768643.09954
"host_listings_count",122720375.505761
"parking",107270562.1295
"neighbourhood_cluster",103461183.226936
"property_category",83751965.6966194
"host_verifications",80725306.4005654
"minimum_nights_avg_ntm",67734902.6587342
"kitchen_appliances",62215309.2163092
"calculated_host_listings_count",61222207.1002132
"calculated_host_listings_count_entire_homes",56809770.2511198
"minimum_nights",56188286.6085045
"room_type",55512627.5338023
